{"chrome://browser/content/browser.xul":{"main-window":{"sizemode":"normal","screenX":"112","screenY":"117","width":"1280","height":"861"},"sidebar-box":{"sidebarcommand":"viewBookmarksSidebar","width":""},"sidebar-title":{"value":"Bookmarks"}},"chrome://browser/content/places/places.xul":{"placesContentTags":{"ordinal":"3"},"placesContentUrl":{"ordinal":"5"},"placesContentDate":{"ordinal":"7"},"placesContentVisitCount":{"ordinal":"9"},"placesContentDescription":{"ordinal":"11"},"placesContentDateAdded":{"ordinal":"13"},"placesContentLastModified":{"ordinal":"15"}},"chrome://browser/content/bookmarks/bookmarksPanel.xul":{"place:folder=BOOKMARKS_MENU":{"open":"true"},"place:folder=7":{"open":"true"},"place:folder=TOOLBAR":{"open":"true"},"place:sort=14&type=6&maxResults=10&queryType=1":{"open":"true"},"place:folder=UNFILED_BOOKMARKS":{"open":"true"}}}