{"pref-flip-activity-stream-60-release-pocket-spocs-optimization-1458310":{"name":"pref-flip-activity-stream-60-release-pocket-spocs-optimization-1458310","branch":"cap2","expired":false,"lastSeen":"2018-05-23T00:48:10.232Z","preferenceName":"browser.newtabpage.activity-stream.feeds.section.topstories.options","preferenceValue":"{\"api_key_pref\":\"extensions.pocket.oAuthConsumerKey\",\"hidden\":false,\"provider_icon\":\"pocket\",\"provider_name\":\"Pocket\",\"read_more_endpoint\":\"https://getpocket.com/explore/trending?src=fx_new_tab\",\"stories_endpoint\":\"https://getpocket.cdn.mozilla.net/v3/firefox/global-recs?version=3&consumer_key=$apiKey&locale_lang=en-US&feed_variant=shield_optimization_fx60_spocs_cap2\",\"stories_referrer\":\"https://getpocket.com/recommendations\",\"topics_endpoint\":\"https://getpocket.cdn.mozilla.net/v3/firefox/trending-topics?version=2&consumer_key=$apiKey&locale_lang=en-US\",\"show_spocs\":true,\"personalized\":true}","preferenceType":"string","previousPreferenceValue":"{\"api_key_pref\":\"extensions.pocket.oAuthConsumerKey\",\"hidden\":false,\"provider_description\":\"pocket_description\",\"provider_icon\":\"pocket\",\"provider_name\":\"Pocket\",\"read_more_endpoint\":\"https://getpocket.com/explore/trending?src=fx_new_tab\",\"stories_endpoint\":\"https://getpocket.cdn.mozilla.net/v3/firefox/global-recs?version=3&consumer_key=$apiKey&locale_lang=en-US&feed_variant=default_spocs_on\",\"stories_referrer\":\"https://getpocket.com/recommendations\",\"privacy_notice_link\":\"https://www.mozilla.org/privacy/firefox/#suggest-relevant-content\",\"disclaimer_link\":\"https://getpocket.com/firefox/new_tab_learn_more\",\"topics_endpoint\":\"https://getpocket.cdn.mozilla.net/v3/firefox/trending-topics?version=2&consumer_key=$apiKey&locale_lang=en-US\",\"show_spocs\":true,\"personalized\":true}","preferenceBranchType":"user","experimentType":"exp"},"pref-flip-search-composition-57-release-1413565":{"name":"pref-flip-search-composition-57-release-1413565","branch":"sug4gen5","expired":false,"lastSeen":"2018-05-23T00:48:10.241Z","preferenceName":"browser.urlbar.matchBuckets","preferenceValue":"suggestion:4,general:5","preferenceType":"string","previousPreferenceValue":null,"preferenceBranchType":"default","experimentType":"exp"}}